--
-- PostgreSQL database dump
--

-- Dumped from database version 15.4
-- Dumped by pg_dump version 15.4

-- Started on 2025-05-31 17:35:41

SET statement_timeout = 0;
SET lock_timeout = 0;
SET idle_in_transaction_session_timeout = 0;
SET client_encoding = 'UTF8';
SET standard_conforming_strings = on;
SELECT pg_catalog.set_config('search_path', '', false);
SET check_function_bodies = false;
SET xmloption = content;
SET client_min_messages = warning;
SET row_security = off;

--
-- TOC entry 3464 (class 1262 OID 122880)
-- Name: dtalent; Type: DATABASE; Schema: -; Owner: postgres
--

CREATE DATABASE dtalent WITH TEMPLATE = template0 ENCODING = 'UTF8' LOCALE_PROVIDER = libc LOCALE = 'English_United States.1252';


ALTER DATABASE dtalent OWNER TO postgres;

\connect dtalent

SET statement_timeout = 0;
SET lock_timeout = 0;
SET idle_in_transaction_session_timeout = 0;
SET client_encoding = 'UTF8';
SET standard_conforming_strings = on;
SELECT pg_catalog.set_config('search_path', '', false);
SET check_function_bodies = false;
SET xmloption = content;
SET client_min_messages = warning;
SET row_security = off;

SET default_tablespace = '';

SET default_table_access_method = heap;

--
-- TOC entry 221 (class 1259 OID 122904)
-- Name: auth_group; Type: TABLE; Schema: public; Owner: postgres
--

CREATE TABLE public.auth_group (
    id integer NOT NULL,
    name character varying(150) NOT NULL
);


ALTER TABLE public.auth_group OWNER TO postgres;

--
-- TOC entry 220 (class 1259 OID 122903)
-- Name: auth_group_id_seq; Type: SEQUENCE; Schema: public; Owner: postgres
--

ALTER TABLE public.auth_group ALTER COLUMN id ADD GENERATED BY DEFAULT AS IDENTITY (
    SEQUENCE NAME public.auth_group_id_seq
    START WITH 1
    INCREMENT BY 1
    NO MINVALUE
    NO MAXVALUE
    CACHE 1
);


--
-- TOC entry 223 (class 1259 OID 122912)
-- Name: auth_group_permissions; Type: TABLE; Schema: public; Owner: postgres
--

CREATE TABLE public.auth_group_permissions (
    id bigint NOT NULL,
    group_id integer NOT NULL,
    permission_id integer NOT NULL
);


ALTER TABLE public.auth_group_permissions OWNER TO postgres;

--
-- TOC entry 222 (class 1259 OID 122911)
-- Name: auth_group_permissions_id_seq; Type: SEQUENCE; Schema: public; Owner: postgres
--

ALTER TABLE public.auth_group_permissions ALTER COLUMN id ADD GENERATED BY DEFAULT AS IDENTITY (
    SEQUENCE NAME public.auth_group_permissions_id_seq
    START WITH 1
    INCREMENT BY 1
    NO MINVALUE
    NO MAXVALUE
    CACHE 1
);


--
-- TOC entry 219 (class 1259 OID 122898)
-- Name: auth_permission; Type: TABLE; Schema: public; Owner: postgres
--

CREATE TABLE public.auth_permission (
    id integer NOT NULL,
    name character varying(255) NOT NULL,
    content_type_id integer NOT NULL,
    codename character varying(100) NOT NULL
);


ALTER TABLE public.auth_permission OWNER TO postgres;

--
-- TOC entry 218 (class 1259 OID 122897)
-- Name: auth_permission_id_seq; Type: SEQUENCE; Schema: public; Owner: postgres
--

ALTER TABLE public.auth_permission ALTER COLUMN id ADD GENERATED BY DEFAULT AS IDENTITY (
    SEQUENCE NAME public.auth_permission_id_seq
    START WITH 1
    INCREMENT BY 1
    NO MINVALUE
    NO MAXVALUE
    CACHE 1
);


--
-- TOC entry 232 (class 1259 OID 123015)
-- Name: authtoken_token; Type: TABLE; Schema: public; Owner: postgres
--

CREATE TABLE public.authtoken_token (
    key character varying(40) NOT NULL,
    created timestamp with time zone NOT NULL,
    user_id bigint NOT NULL
);


ALTER TABLE public.authtoken_token OWNER TO postgres;

--
-- TOC entry 231 (class 1259 OID 122995)
-- Name: django_admin_log; Type: TABLE; Schema: public; Owner: postgres
--

CREATE TABLE public.django_admin_log (
    id integer NOT NULL,
    action_time timestamp with time zone NOT NULL,
    object_id text,
    object_repr character varying(200) NOT NULL,
    action_flag smallint NOT NULL,
    change_message text NOT NULL,
    content_type_id integer,
    user_id bigint NOT NULL,
    CONSTRAINT django_admin_log_action_flag_check CHECK ((action_flag >= 0))
);


ALTER TABLE public.django_admin_log OWNER TO postgres;

--
-- TOC entry 230 (class 1259 OID 122994)
-- Name: django_admin_log_id_seq; Type: SEQUENCE; Schema: public; Owner: postgres
--

ALTER TABLE public.django_admin_log ALTER COLUMN id ADD GENERATED BY DEFAULT AS IDENTITY (
    SEQUENCE NAME public.django_admin_log_id_seq
    START WITH 1
    INCREMENT BY 1
    NO MINVALUE
    NO MAXVALUE
    CACHE 1
);


--
-- TOC entry 217 (class 1259 OID 122890)
-- Name: django_content_type; Type: TABLE; Schema: public; Owner: postgres
--

CREATE TABLE public.django_content_type (
    id integer NOT NULL,
    app_label character varying(100) NOT NULL,
    model character varying(100) NOT NULL
);


ALTER TABLE public.django_content_type OWNER TO postgres;

--
-- TOC entry 216 (class 1259 OID 122889)
-- Name: django_content_type_id_seq; Type: SEQUENCE; Schema: public; Owner: postgres
--

ALTER TABLE public.django_content_type ALTER COLUMN id ADD GENERATED BY DEFAULT AS IDENTITY (
    SEQUENCE NAME public.django_content_type_id_seq
    START WITH 1
    INCREMENT BY 1
    NO MINVALUE
    NO MAXVALUE
    CACHE 1
);


--
-- TOC entry 215 (class 1259 OID 122882)
-- Name: django_migrations; Type: TABLE; Schema: public; Owner: postgres
--

CREATE TABLE public.django_migrations (
    id bigint NOT NULL,
    app character varying(255) NOT NULL,
    name character varying(255) NOT NULL,
    applied timestamp with time zone NOT NULL
);


ALTER TABLE public.django_migrations OWNER TO postgres;

--
-- TOC entry 214 (class 1259 OID 122881)
-- Name: django_migrations_id_seq; Type: SEQUENCE; Schema: public; Owner: postgres
--

ALTER TABLE public.django_migrations ALTER COLUMN id ADD GENERATED BY DEFAULT AS IDENTITY (
    SEQUENCE NAME public.django_migrations_id_seq
    START WITH 1
    INCREMENT BY 1
    NO MINVALUE
    NO MAXVALUE
    CACHE 1
);


--
-- TOC entry 233 (class 1259 OID 123028)
-- Name: django_session; Type: TABLE; Schema: public; Owner: postgres
--

CREATE TABLE public.django_session (
    session_key character varying(40) NOT NULL,
    session_data text NOT NULL,
    expire_date timestamp with time zone NOT NULL
);


ALTER TABLE public.django_session OWNER TO postgres;

--
-- TOC entry 235 (class 1259 OID 123038)
-- Name: receipts_receipt; Type: TABLE; Schema: public; Owner: postgres
--

CREATE TABLE public.receipts_receipt (
    id bigint NOT NULL,
    created_at timestamp with time zone NOT NULL,
    modified_at timestamp with time zone NOT NULL,
    is_active boolean NOT NULL,
    full_date timestamp with time zone NOT NULL,
    year integer NOT NULL,
    month smallint NOT NULL,
    type character varying(50) NOT NULL,
    is_sended boolean NOT NULL,
    is_readed boolean NOT NULL,
    is_signed boolean NOT NULL,
    sended_date timestamp with time zone,
    readed_date timestamp with time zone,
    signed_date timestamp with time zone,
    employee_id bigint NOT NULL,
    file character varying(100),
    CONSTRAINT receipts_receipt_month_check CHECK ((month >= 0)),
    CONSTRAINT receipts_receipt_year_check CHECK ((year >= 0))
);


ALTER TABLE public.receipts_receipt OWNER TO postgres;

--
-- TOC entry 234 (class 1259 OID 123037)
-- Name: receipts_receipt_id_seq; Type: SEQUENCE; Schema: public; Owner: postgres
--

ALTER TABLE public.receipts_receipt ALTER COLUMN id ADD GENERATED BY DEFAULT AS IDENTITY (
    SEQUENCE NAME public.receipts_receipt_id_seq
    START WITH 1
    INCREMENT BY 1
    NO MINVALUE
    NO MAXVALUE
    CACHE 1
);


--
-- TOC entry 225 (class 1259 OID 122944)
-- Name: users_user; Type: TABLE; Schema: public; Owner: postgres
--

CREATE TABLE public.users_user (
    id bigint NOT NULL,
    password character varying(128) NOT NULL,
    last_login timestamp with time zone,
    is_superuser boolean NOT NULL,
    username character varying(150) NOT NULL,
    first_name character varying(150) NOT NULL,
    last_name character varying(150) NOT NULL,
    email character varying(254) NOT NULL,
    is_staff boolean NOT NULL,
    is_active boolean NOT NULL,
    date_joined timestamp with time zone NOT NULL,
    initials character varying(10) NOT NULL,
    has_pending_receipts_to_sign boolean NOT NULL,
    nationality character varying(50) NOT NULL,
    address text NOT NULL,
    phone_number character varying(20) NOT NULL,
    employee_number integer,
    role character varying(50) NOT NULL,
    required_password_changed_done boolean NOT NULL,
    created_at timestamp with time zone NOT NULL,
    modified_at timestamp with time zone NOT NULL
);


ALTER TABLE public.users_user OWNER TO postgres;

--
-- TOC entry 227 (class 1259 OID 122954)
-- Name: users_user_groups; Type: TABLE; Schema: public; Owner: postgres
--

CREATE TABLE public.users_user_groups (
    id bigint NOT NULL,
    user_id bigint NOT NULL,
    group_id integer NOT NULL
);


ALTER TABLE public.users_user_groups OWNER TO postgres;

--
-- TOC entry 226 (class 1259 OID 122953)
-- Name: users_user_groups_id_seq; Type: SEQUENCE; Schema: public; Owner: postgres
--

ALTER TABLE public.users_user_groups ALTER COLUMN id ADD GENERATED BY DEFAULT AS IDENTITY (
    SEQUENCE NAME public.users_user_groups_id_seq
    START WITH 1
    INCREMENT BY 1
    NO MINVALUE
    NO MAXVALUE
    CACHE 1
);


--
-- TOC entry 224 (class 1259 OID 122943)
-- Name: users_user_id_seq; Type: SEQUENCE; Schema: public; Owner: postgres
--

ALTER TABLE public.users_user ALTER COLUMN id ADD GENERATED BY DEFAULT AS IDENTITY (
    SEQUENCE NAME public.users_user_id_seq
    START WITH 1
    INCREMENT BY 1
    NO MINVALUE
    NO MAXVALUE
    CACHE 1
);


--
-- TOC entry 229 (class 1259 OID 122960)
-- Name: users_user_user_permissions; Type: TABLE; Schema: public; Owner: postgres
--

CREATE TABLE public.users_user_user_permissions (
    id bigint NOT NULL,
    user_id bigint NOT NULL,
    permission_id integer NOT NULL
);


ALTER TABLE public.users_user_user_permissions OWNER TO postgres;

--
-- TOC entry 228 (class 1259 OID 122959)
-- Name: users_user_user_permissions_id_seq; Type: SEQUENCE; Schema: public; Owner: postgres
--

ALTER TABLE public.users_user_user_permissions ALTER COLUMN id ADD GENERATED BY DEFAULT AS IDENTITY (
    SEQUENCE NAME public.users_user_user_permissions_id_seq
    START WITH 1
    INCREMENT BY 1
    NO MINVALUE
    NO MAXVALUE
    CACHE 1
);


--
-- TOC entry 3444 (class 0 OID 122904)
-- Dependencies: 221
-- Data for Name: auth_group; Type: TABLE DATA; Schema: public; Owner: postgres
--

COPY public.auth_group (id, name) FROM stdin;
\.


--
-- TOC entry 3446 (class 0 OID 122912)
-- Dependencies: 223
-- Data for Name: auth_group_permissions; Type: TABLE DATA; Schema: public; Owner: postgres
--

COPY public.auth_group_permissions (id, group_id, permission_id) FROM stdin;
\.


--
-- TOC entry 3442 (class 0 OID 122898)
-- Dependencies: 219
-- Data for Name: auth_permission; Type: TABLE DATA; Schema: public; Owner: postgres
--

COPY public.auth_permission (id, name, content_type_id, codename) FROM stdin;
1	Can add log entry	1	add_logentry
2	Can change log entry	1	change_logentry
3	Can delete log entry	1	delete_logentry
4	Can view log entry	1	view_logentry
5	Can add permission	2	add_permission
6	Can change permission	2	change_permission
7	Can delete permission	2	delete_permission
8	Can view permission	2	view_permission
9	Can add group	3	add_group
10	Can change group	3	change_group
11	Can delete group	3	delete_group
12	Can view group	3	view_group
13	Can add content type	4	add_contenttype
14	Can change content type	4	change_contenttype
15	Can delete content type	4	delete_contenttype
16	Can view content type	4	view_contenttype
17	Can add session	5	add_session
18	Can change session	5	change_session
19	Can delete session	5	delete_session
20	Can view session	5	view_session
21	Can add Token	6	add_token
22	Can change Token	6	change_token
23	Can delete Token	6	delete_token
24	Can view Token	6	view_token
25	Can add Token	7	add_tokenproxy
26	Can change Token	7	change_tokenproxy
27	Can delete Token	7	delete_tokenproxy
28	Can view Token	7	view_tokenproxy
29	Can add user	8	add_user
30	Can change user	8	change_user
31	Can delete user	8	delete_user
32	Can view user	8	view_user
33	Can add receipt	9	add_receipt
34	Can change receipt	9	change_receipt
35	Can delete receipt	9	delete_receipt
36	Can view receipt	9	view_receipt
\.


--
-- TOC entry 3455 (class 0 OID 123015)
-- Dependencies: 232
-- Data for Name: authtoken_token; Type: TABLE DATA; Schema: public; Owner: postgres
--

COPY public.authtoken_token (key, created, user_id) FROM stdin;
b4f2f8a667eed6b32b25c9d5e7ee4f0ce5138cef	2025-05-29 13:35:13.549434-04	1
d0683b4f0a9cce1b969cef93012f079d2515506c	2025-05-31 14:20:00.060797-04	2
78f2ddf8598db2a83d730f36852b1c41a556a473	2025-05-31 14:27:45.346916-04	40
\.


--
-- TOC entry 3454 (class 0 OID 122995)
-- Dependencies: 231
-- Data for Name: django_admin_log; Type: TABLE DATA; Schema: public; Owner: postgres
--

COPY public.django_admin_log (id, action_time, object_id, object_repr, action_flag, change_message, content_type_id, user_id) FROM stdin;
1	2025-05-31 13:34:55.503573-04	3	cacho	1	[{"added": {}}]	8	2
2	2025-05-31 13:36:14.945444-04	4	usuario32	1	[{"added": {}}]	8	2
3	2025-05-31 13:37:11.302391-04	2	Receipt #2 for cacho	1	[{"added": {}}]	9	2
4	2025-05-31 14:08:20.799199-04	5	usuario33	1	[{"added": {}}]	8	2
37	2025-05-31 14:12:43.865084-04	38	u33	1	[{"added": {}}]	8	2
38	2025-05-31 14:15:37.637134-04	38	u33	3		8	2
39	2025-05-31 14:15:37.637172-04	5	usuario33	3		8	2
40	2025-05-31 14:15:37.637186-04	4	usuario32	3		8	2
41	2025-05-31 14:15:37.637197-04	3	cacho	3		8	2
42	2025-05-31 14:24:57.572896-04	39	test	1	[{"added": {}}]	8	2
43	2025-05-31 14:27:24.044664-04	40	test2	1	[{"added": {}}]	8	2
44	2025-05-31 14:29:48.862581-04	3	Receipt #3 for test2	1	[{"added": {}}]	9	2
\.


--
-- TOC entry 3440 (class 0 OID 122890)
-- Dependencies: 217
-- Data for Name: django_content_type; Type: TABLE DATA; Schema: public; Owner: postgres
--

COPY public.django_content_type (id, app_label, model) FROM stdin;
1	admin	logentry
2	auth	permission
3	auth	group
4	contenttypes	contenttype
5	sessions	session
6	authtoken	token
7	authtoken	tokenproxy
8	users	user
9	receipts	receipt
\.


--
-- TOC entry 3438 (class 0 OID 122882)
-- Dependencies: 215
-- Data for Name: django_migrations; Type: TABLE DATA; Schema: public; Owner: postgres
--

COPY public.django_migrations (id, app, name, applied) FROM stdin;
1	contenttypes	0001_initial	2025-05-29 13:29:47.270271-04
2	contenttypes	0002_remove_content_type_name	2025-05-29 13:29:47.27878-04
3	auth	0001_initial	2025-05-29 13:29:47.331464-04
4	auth	0002_alter_permission_name_max_length	2025-05-29 13:29:47.335148-04
5	auth	0003_alter_user_email_max_length	2025-05-29 13:29:47.338151-04
6	auth	0004_alter_user_username_opts	2025-05-29 13:29:47.3412-04
7	auth	0005_alter_user_last_login_null	2025-05-29 13:29:47.345006-04
8	auth	0006_require_contenttypes_0002	2025-05-29 13:29:47.346559-04
9	auth	0007_alter_validators_add_error_messages	2025-05-29 13:29:47.350679-04
10	auth	0008_alter_user_username_max_length	2025-05-29 13:29:47.354201-04
11	auth	0009_alter_user_last_name_max_length	2025-05-29 13:29:47.357835-04
12	auth	0010_alter_group_name_max_length	2025-05-29 13:29:47.362857-04
13	auth	0011_update_proxy_permissions	2025-05-29 13:29:47.366317-04
14	auth	0012_alter_user_first_name_max_length	2025-05-29 13:29:47.369636-04
15	users	0001_initial	2025-05-29 13:29:47.408439-04
16	admin	0001_initial	2025-05-29 13:29:47.426221-04
17	admin	0002_logentry_remove_auto_add	2025-05-29 13:29:47.432977-04
18	admin	0003_logentry_add_action_flag_choices	2025-05-29 13:29:47.438056-04
19	authtoken	0001_initial	2025-05-29 13:29:47.453981-04
20	authtoken	0002_auto_20160226_1747	2025-05-29 13:29:47.473056-04
21	authtoken	0003_tokenproxy	2025-05-29 13:29:47.475095-04
22	authtoken	0004_alter_tokenproxy_options	2025-05-29 13:29:47.478418-04
23	sessions	0001_initial	2025-05-29 13:29:47.489695-04
24	receipts	0001_initial	2025-05-29 13:39:41.064206-04
25	receipts	0002_receipt_file	2025-05-29 14:28:54.034256-04
\.


--
-- TOC entry 3456 (class 0 OID 123028)
-- Dependencies: 233
-- Data for Name: django_session; Type: TABLE DATA; Schema: public; Owner: postgres
--

COPY public.django_session (session_key, session_data, expire_date) FROM stdin;
cvdro7yy2pipmdvjk3kdchsvjyfza4qu	.eJxVjMsOwiAQRf-FtSHDIwVcuvcbyAwDUjWQlHZl_Hdt0oVu7znnvkTEba1xG3mJM4uz0OL0uxGmR2474Du2W5ept3WZSe6KPOiQ1875eTncv4OKo35rqwpaKL6gCcAAJSnSBT0FgOBCtsq45JxCgyaRJZicZqs8U8k6TSzeH-VlOB0:1uLPxi:jGr8Bl10VZt1lEKVVZ9AqEVn1h0cbcBXwrhSR_16TNY	2025-06-14 13:25:38.269195-04
\.


--
-- TOC entry 3458 (class 0 OID 123038)
-- Dependencies: 235
-- Data for Name: receipts_receipt; Type: TABLE DATA; Schema: public; Owner: postgres
--

COPY public.receipts_receipt (id, created_at, modified_at, is_active, full_date, year, month, type, is_sended, is_readed, is_signed, sended_date, readed_date, signed_date, employee_id, file) FROM stdin;
1	2025-05-29 13:51:22.990367-04	2025-05-29 13:51:22.990381-04	t	2025-05-01 08:00:00-04	2025	5	PAYROLL	f	f	f	\N	\N	\N	1	\N
3	2025-05-31 14:29:48.856779-04	2025-05-31 14:29:48.85679-04	t	2025-05-31 14:29:34-04	2025	1	SELL RECEIPT	t	t	f	2025-05-31 14:29:42-04	2025-05-31 14:29:43-04	\N	40	receipts/Photovoltaic_Interconnection_Agreement_0_PiQzios.pdf
\.


--
-- TOC entry 3448 (class 0 OID 122944)
-- Dependencies: 225
-- Data for Name: users_user; Type: TABLE DATA; Schema: public; Owner: postgres
--

COPY public.users_user (id, password, last_login, is_superuser, username, first_name, last_name, email, is_staff, is_active, date_joined, initials, has_pending_receipts_to_sign, nationality, address, phone_number, employee_number, role, required_password_changed_done, created_at, modified_at) FROM stdin;
1	pbkdf2_sha256$1000000$01Ixp0NvptrGvKYGlw0zEW$5yGcTHR0NqPXtUl9e60OZg7cjnyV80VB/2a01ZIpx9o=	\N	t	mb			marcelo.barua@gmail.com	t	t	2025-05-29 13:34:56.628706-04		f	chilean			\N		f	2025-05-29 13:34:57.296543-04	2025-05-31 10:46:37.370488-04
2	pbkdf2_sha256$1000000$GSEEFdn6gHe38yYRpLOe0G$pBsEA8EoRM/yXeGeyZ07zEYhECmLPsPLJXuKSDlqUBA=	2025-05-31 13:25:38.26624-04	t	admin			admin@admin.com	t	t	2025-05-31 13:24:20.579286-04		f				\N		f	2025-05-31 13:24:21.25278-04	2025-05-31 13:24:21.252789-04
39	pbkdf2_sha256$1000000$8qXTmcGlPMEXD7NA5lh1Up$EvZ1aWXaYaJxIYWAF8+mvmM2Mm8EFYz3wCOrSBods0I=	\N	f	test	test	test	test@test.com	f	t	2025-05-31 14:24:56.912742-04	t	f	test	test	test	3	tester	f	2025-05-31 14:24:57.570173-04	2025-05-31 14:24:57.570179-04
40	pbkdf2_sha256$1000000$WJSlAisi2qQZABbyjWWuZ5$GWVJVpl+f+ilYRZ+kD473qwe06kWQqd6D8mKbRSN7fU=	\N	f	test2	test2	test2	test2@test.com	f	t	2025-05-31 14:27:23.380649-04	t	f	paraguay	test2	t	4	tester	f	2025-05-31 14:27:24.042547-04	2025-05-31 14:27:24.042553-04
\.


--
-- TOC entry 3450 (class 0 OID 122954)
-- Dependencies: 227
-- Data for Name: users_user_groups; Type: TABLE DATA; Schema: public; Owner: postgres
--

COPY public.users_user_groups (id, user_id, group_id) FROM stdin;
\.


--
-- TOC entry 3452 (class 0 OID 122960)
-- Dependencies: 229
-- Data for Name: users_user_user_permissions; Type: TABLE DATA; Schema: public; Owner: postgres
--

COPY public.users_user_user_permissions (id, user_id, permission_id) FROM stdin;
\.


--
-- TOC entry 3465 (class 0 OID 0)
-- Dependencies: 220
-- Name: auth_group_id_seq; Type: SEQUENCE SET; Schema: public; Owner: postgres
--

SELECT pg_catalog.setval('public.auth_group_id_seq', 1, false);


--
-- TOC entry 3466 (class 0 OID 0)
-- Dependencies: 222
-- Name: auth_group_permissions_id_seq; Type: SEQUENCE SET; Schema: public; Owner: postgres
--

SELECT pg_catalog.setval('public.auth_group_permissions_id_seq', 1, false);


--
-- TOC entry 3467 (class 0 OID 0)
-- Dependencies: 218
-- Name: auth_permission_id_seq; Type: SEQUENCE SET; Schema: public; Owner: postgres
--

SELECT pg_catalog.setval('public.auth_permission_id_seq', 36, true);


--
-- TOC entry 3468 (class 0 OID 0)
-- Dependencies: 230
-- Name: django_admin_log_id_seq; Type: SEQUENCE SET; Schema: public; Owner: postgres
--

SELECT pg_catalog.setval('public.django_admin_log_id_seq', 44, true);


--
-- TOC entry 3469 (class 0 OID 0)
-- Dependencies: 216
-- Name: django_content_type_id_seq; Type: SEQUENCE SET; Schema: public; Owner: postgres
--

SELECT pg_catalog.setval('public.django_content_type_id_seq', 9, true);


--
-- TOC entry 3470 (class 0 OID 0)
-- Dependencies: 214
-- Name: django_migrations_id_seq; Type: SEQUENCE SET; Schema: public; Owner: postgres
--

SELECT pg_catalog.setval('public.django_migrations_id_seq', 25, true);


--
-- TOC entry 3471 (class 0 OID 0)
-- Dependencies: 234
-- Name: receipts_receipt_id_seq; Type: SEQUENCE SET; Schema: public; Owner: postgres
--

SELECT pg_catalog.setval('public.receipts_receipt_id_seq', 3, true);


--
-- TOC entry 3472 (class 0 OID 0)
-- Dependencies: 226
-- Name: users_user_groups_id_seq; Type: SEQUENCE SET; Schema: public; Owner: postgres
--

SELECT pg_catalog.setval('public.users_user_groups_id_seq', 1, false);


--
-- TOC entry 3473 (class 0 OID 0)
-- Dependencies: 224
-- Name: users_user_id_seq; Type: SEQUENCE SET; Schema: public; Owner: postgres
--

SELECT pg_catalog.setval('public.users_user_id_seq', 40, true);


--
-- TOC entry 3474 (class 0 OID 0)
-- Dependencies: 228
-- Name: users_user_user_permissions_id_seq; Type: SEQUENCE SET; Schema: public; Owner: postgres
--

SELECT pg_catalog.setval('public.users_user_user_permissions_id_seq', 39, true);


--
-- TOC entry 3242 (class 2606 OID 122941)
-- Name: auth_group auth_group_name_key; Type: CONSTRAINT; Schema: public; Owner: postgres
--

ALTER TABLE ONLY public.auth_group
    ADD CONSTRAINT auth_group_name_key UNIQUE (name);


--
-- TOC entry 3247 (class 2606 OID 122927)
-- Name: auth_group_permissions auth_group_permissions_group_id_permission_id_0cd325b0_uniq; Type: CONSTRAINT; Schema: public; Owner: postgres
--

ALTER TABLE ONLY public.auth_group_permissions
    ADD CONSTRAINT auth_group_permissions_group_id_permission_id_0cd325b0_uniq UNIQUE (group_id, permission_id);


--
-- TOC entry 3250 (class 2606 OID 122916)
-- Name: auth_group_permissions auth_group_permissions_pkey; Type: CONSTRAINT; Schema: public; Owner: postgres
--

ALTER TABLE ONLY public.auth_group_permissions
    ADD CONSTRAINT auth_group_permissions_pkey PRIMARY KEY (id);


--
-- TOC entry 3244 (class 2606 OID 122908)
-- Name: auth_group auth_group_pkey; Type: CONSTRAINT; Schema: public; Owner: postgres
--

ALTER TABLE ONLY public.auth_group
    ADD CONSTRAINT auth_group_pkey PRIMARY KEY (id);


--
-- TOC entry 3237 (class 2606 OID 122918)
-- Name: auth_permission auth_permission_content_type_id_codename_01ab375a_uniq; Type: CONSTRAINT; Schema: public; Owner: postgres
--

ALTER TABLE ONLY public.auth_permission
    ADD CONSTRAINT auth_permission_content_type_id_codename_01ab375a_uniq UNIQUE (content_type_id, codename);


--
-- TOC entry 3239 (class 2606 OID 122902)
-- Name: auth_permission auth_permission_pkey; Type: CONSTRAINT; Schema: public; Owner: postgres
--

ALTER TABLE ONLY public.auth_permission
    ADD CONSTRAINT auth_permission_pkey PRIMARY KEY (id);


--
-- TOC entry 3274 (class 2606 OID 123019)
-- Name: authtoken_token authtoken_token_pkey; Type: CONSTRAINT; Schema: public; Owner: postgres
--

ALTER TABLE ONLY public.authtoken_token
    ADD CONSTRAINT authtoken_token_pkey PRIMARY KEY (key);


--
-- TOC entry 3276 (class 2606 OID 123021)
-- Name: authtoken_token authtoken_token_user_id_key; Type: CONSTRAINT; Schema: public; Owner: postgres
--

ALTER TABLE ONLY public.authtoken_token
    ADD CONSTRAINT authtoken_token_user_id_key UNIQUE (user_id);


--
-- TOC entry 3270 (class 2606 OID 123002)
-- Name: django_admin_log django_admin_log_pkey; Type: CONSTRAINT; Schema: public; Owner: postgres
--

ALTER TABLE ONLY public.django_admin_log
    ADD CONSTRAINT django_admin_log_pkey PRIMARY KEY (id);


--
-- TOC entry 3232 (class 2606 OID 122896)
-- Name: django_content_type django_content_type_app_label_model_76bd3d3b_uniq; Type: CONSTRAINT; Schema: public; Owner: postgres
--

ALTER TABLE ONLY public.django_content_type
    ADD CONSTRAINT django_content_type_app_label_model_76bd3d3b_uniq UNIQUE (app_label, model);


--
-- TOC entry 3234 (class 2606 OID 122894)
-- Name: django_content_type django_content_type_pkey; Type: CONSTRAINT; Schema: public; Owner: postgres
--

ALTER TABLE ONLY public.django_content_type
    ADD CONSTRAINT django_content_type_pkey PRIMARY KEY (id);


--
-- TOC entry 3230 (class 2606 OID 122888)
-- Name: django_migrations django_migrations_pkey; Type: CONSTRAINT; Schema: public; Owner: postgres
--

ALTER TABLE ONLY public.django_migrations
    ADD CONSTRAINT django_migrations_pkey PRIMARY KEY (id);


--
-- TOC entry 3279 (class 2606 OID 123034)
-- Name: django_session django_session_pkey; Type: CONSTRAINT; Schema: public; Owner: postgres
--

ALTER TABLE ONLY public.django_session
    ADD CONSTRAINT django_session_pkey PRIMARY KEY (session_key);


--
-- TOC entry 3283 (class 2606 OID 123044)
-- Name: receipts_receipt receipts_receipt_pkey; Type: CONSTRAINT; Schema: public; Owner: postgres
--

ALTER TABLE ONLY public.receipts_receipt
    ADD CONSTRAINT receipts_receipt_pkey PRIMARY KEY (id);


--
-- TOC entry 3258 (class 2606 OID 122958)
-- Name: users_user_groups users_user_groups_pkey; Type: CONSTRAINT; Schema: public; Owner: postgres
--

ALTER TABLE ONLY public.users_user_groups
    ADD CONSTRAINT users_user_groups_pkey PRIMARY KEY (id);


--
-- TOC entry 3261 (class 2606 OID 122967)
-- Name: users_user_groups users_user_groups_user_id_group_id_b88eab82_uniq; Type: CONSTRAINT; Schema: public; Owner: postgres
--

ALTER TABLE ONLY public.users_user_groups
    ADD CONSTRAINT users_user_groups_user_id_group_id_b88eab82_uniq UNIQUE (user_id, group_id);


--
-- TOC entry 3252 (class 2606 OID 122950)
-- Name: users_user users_user_pkey; Type: CONSTRAINT; Schema: public; Owner: postgres
--

ALTER TABLE ONLY public.users_user
    ADD CONSTRAINT users_user_pkey PRIMARY KEY (id);


--
-- TOC entry 3264 (class 2606 OID 122964)
-- Name: users_user_user_permissions users_user_user_permissions_pkey; Type: CONSTRAINT; Schema: public; Owner: postgres
--

ALTER TABLE ONLY public.users_user_user_permissions
    ADD CONSTRAINT users_user_user_permissions_pkey PRIMARY KEY (id);


--
-- TOC entry 3267 (class 2606 OID 122981)
-- Name: users_user_user_permissions users_user_user_permissions_user_id_permission_id_43338c45_uniq; Type: CONSTRAINT; Schema: public; Owner: postgres
--

ALTER TABLE ONLY public.users_user_user_permissions
    ADD CONSTRAINT users_user_user_permissions_user_id_permission_id_43338c45_uniq UNIQUE (user_id, permission_id);


--
-- TOC entry 3255 (class 2606 OID 122952)
-- Name: users_user users_user_username_key; Type: CONSTRAINT; Schema: public; Owner: postgres
--

ALTER TABLE ONLY public.users_user
    ADD CONSTRAINT users_user_username_key UNIQUE (username);


--
-- TOC entry 3240 (class 1259 OID 122942)
-- Name: auth_group_name_a6ea08ec_like; Type: INDEX; Schema: public; Owner: postgres
--

CREATE INDEX auth_group_name_a6ea08ec_like ON public.auth_group USING btree (name varchar_pattern_ops);


--
-- TOC entry 3245 (class 1259 OID 122938)
-- Name: auth_group_permissions_group_id_b120cbf9; Type: INDEX; Schema: public; Owner: postgres
--

CREATE INDEX auth_group_permissions_group_id_b120cbf9 ON public.auth_group_permissions USING btree (group_id);


--
-- TOC entry 3248 (class 1259 OID 122939)
-- Name: auth_group_permissions_permission_id_84c5c92e; Type: INDEX; Schema: public; Owner: postgres
--

CREATE INDEX auth_group_permissions_permission_id_84c5c92e ON public.auth_group_permissions USING btree (permission_id);


--
-- TOC entry 3235 (class 1259 OID 122924)
-- Name: auth_permission_content_type_id_2f476e4b; Type: INDEX; Schema: public; Owner: postgres
--

CREATE INDEX auth_permission_content_type_id_2f476e4b ON public.auth_permission USING btree (content_type_id);


--
-- TOC entry 3272 (class 1259 OID 123027)
-- Name: authtoken_token_key_10f0b77e_like; Type: INDEX; Schema: public; Owner: postgres
--

CREATE INDEX authtoken_token_key_10f0b77e_like ON public.authtoken_token USING btree (key varchar_pattern_ops);


--
-- TOC entry 3268 (class 1259 OID 123013)
-- Name: django_admin_log_content_type_id_c4bce8eb; Type: INDEX; Schema: public; Owner: postgres
--

CREATE INDEX django_admin_log_content_type_id_c4bce8eb ON public.django_admin_log USING btree (content_type_id);


--
-- TOC entry 3271 (class 1259 OID 123014)
-- Name: django_admin_log_user_id_c564eba6; Type: INDEX; Schema: public; Owner: postgres
--

CREATE INDEX django_admin_log_user_id_c564eba6 ON public.django_admin_log USING btree (user_id);


--
-- TOC entry 3277 (class 1259 OID 123036)
-- Name: django_session_expire_date_a5c62663; Type: INDEX; Schema: public; Owner: postgres
--

CREATE INDEX django_session_expire_date_a5c62663 ON public.django_session USING btree (expire_date);


--
-- TOC entry 3280 (class 1259 OID 123035)
-- Name: django_session_session_key_c0390e0f_like; Type: INDEX; Schema: public; Owner: postgres
--

CREATE INDEX django_session_session_key_c0390e0f_like ON public.django_session USING btree (session_key varchar_pattern_ops);


--
-- TOC entry 3281 (class 1259 OID 123050)
-- Name: receipts_receipt_employee_id_ff2a0503; Type: INDEX; Schema: public; Owner: postgres
--

CREATE INDEX receipts_receipt_employee_id_ff2a0503 ON public.receipts_receipt USING btree (employee_id);


--
-- TOC entry 3256 (class 1259 OID 122979)
-- Name: users_user_groups_group_id_9afc8d0e; Type: INDEX; Schema: public; Owner: postgres
--

CREATE INDEX users_user_groups_group_id_9afc8d0e ON public.users_user_groups USING btree (group_id);


--
-- TOC entry 3259 (class 1259 OID 122978)
-- Name: users_user_groups_user_id_5f6f5a90; Type: INDEX; Schema: public; Owner: postgres
--

CREATE INDEX users_user_groups_user_id_5f6f5a90 ON public.users_user_groups USING btree (user_id);


--
-- TOC entry 3262 (class 1259 OID 122993)
-- Name: users_user_user_permissions_permission_id_0b93982e; Type: INDEX; Schema: public; Owner: postgres
--

CREATE INDEX users_user_user_permissions_permission_id_0b93982e ON public.users_user_user_permissions USING btree (permission_id);


--
-- TOC entry 3265 (class 1259 OID 122992)
-- Name: users_user_user_permissions_user_id_20aca447; Type: INDEX; Schema: public; Owner: postgres
--

CREATE INDEX users_user_user_permissions_user_id_20aca447 ON public.users_user_user_permissions USING btree (user_id);


--
-- TOC entry 3253 (class 1259 OID 122965)
-- Name: users_user_username_06e46fe6_like; Type: INDEX; Schema: public; Owner: postgres
--

CREATE INDEX users_user_username_06e46fe6_like ON public.users_user USING btree (username varchar_pattern_ops);


--
-- TOC entry 3285 (class 2606 OID 122933)
-- Name: auth_group_permissions auth_group_permissio_permission_id_84c5c92e_fk_auth_perm; Type: FK CONSTRAINT; Schema: public; Owner: postgres
--

ALTER TABLE ONLY public.auth_group_permissions
    ADD CONSTRAINT auth_group_permissio_permission_id_84c5c92e_fk_auth_perm FOREIGN KEY (permission_id) REFERENCES public.auth_permission(id) DEFERRABLE INITIALLY DEFERRED;


--
-- TOC entry 3286 (class 2606 OID 122928)
-- Name: auth_group_permissions auth_group_permissions_group_id_b120cbf9_fk_auth_group_id; Type: FK CONSTRAINT; Schema: public; Owner: postgres
--

ALTER TABLE ONLY public.auth_group_permissions
    ADD CONSTRAINT auth_group_permissions_group_id_b120cbf9_fk_auth_group_id FOREIGN KEY (group_id) REFERENCES public.auth_group(id) DEFERRABLE INITIALLY DEFERRED;


--
-- TOC entry 3284 (class 2606 OID 122919)
-- Name: auth_permission auth_permission_content_type_id_2f476e4b_fk_django_co; Type: FK CONSTRAINT; Schema: public; Owner: postgres
--

ALTER TABLE ONLY public.auth_permission
    ADD CONSTRAINT auth_permission_content_type_id_2f476e4b_fk_django_co FOREIGN KEY (content_type_id) REFERENCES public.django_content_type(id) DEFERRABLE INITIALLY DEFERRED;


--
-- TOC entry 3293 (class 2606 OID 123022)
-- Name: authtoken_token authtoken_token_user_id_35299eff_fk_users_user_id; Type: FK CONSTRAINT; Schema: public; Owner: postgres
--

ALTER TABLE ONLY public.authtoken_token
    ADD CONSTRAINT authtoken_token_user_id_35299eff_fk_users_user_id FOREIGN KEY (user_id) REFERENCES public.users_user(id) DEFERRABLE INITIALLY DEFERRED;


--
-- TOC entry 3291 (class 2606 OID 123003)
-- Name: django_admin_log django_admin_log_content_type_id_c4bce8eb_fk_django_co; Type: FK CONSTRAINT; Schema: public; Owner: postgres
--

ALTER TABLE ONLY public.django_admin_log
    ADD CONSTRAINT django_admin_log_content_type_id_c4bce8eb_fk_django_co FOREIGN KEY (content_type_id) REFERENCES public.django_content_type(id) DEFERRABLE INITIALLY DEFERRED;


--
-- TOC entry 3292 (class 2606 OID 123008)
-- Name: django_admin_log django_admin_log_user_id_c564eba6_fk_users_user_id; Type: FK CONSTRAINT; Schema: public; Owner: postgres
--

ALTER TABLE ONLY public.django_admin_log
    ADD CONSTRAINT django_admin_log_user_id_c564eba6_fk_users_user_id FOREIGN KEY (user_id) REFERENCES public.users_user(id) DEFERRABLE INITIALLY DEFERRED;


--
-- TOC entry 3294 (class 2606 OID 123045)
-- Name: receipts_receipt receipts_receipt_employee_id_ff2a0503_fk_users_user_id; Type: FK CONSTRAINT; Schema: public; Owner: postgres
--

ALTER TABLE ONLY public.receipts_receipt
    ADD CONSTRAINT receipts_receipt_employee_id_ff2a0503_fk_users_user_id FOREIGN KEY (employee_id) REFERENCES public.users_user(id) DEFERRABLE INITIALLY DEFERRED;


--
-- TOC entry 3287 (class 2606 OID 122973)
-- Name: users_user_groups users_user_groups_group_id_9afc8d0e_fk_auth_group_id; Type: FK CONSTRAINT; Schema: public; Owner: postgres
--

ALTER TABLE ONLY public.users_user_groups
    ADD CONSTRAINT users_user_groups_group_id_9afc8d0e_fk_auth_group_id FOREIGN KEY (group_id) REFERENCES public.auth_group(id) DEFERRABLE INITIALLY DEFERRED;


--
-- TOC entry 3288 (class 2606 OID 122968)
-- Name: users_user_groups users_user_groups_user_id_5f6f5a90_fk_users_user_id; Type: FK CONSTRAINT; Schema: public; Owner: postgres
--

ALTER TABLE ONLY public.users_user_groups
    ADD CONSTRAINT users_user_groups_user_id_5f6f5a90_fk_users_user_id FOREIGN KEY (user_id) REFERENCES public.users_user(id) DEFERRABLE INITIALLY DEFERRED;


--
-- TOC entry 3289 (class 2606 OID 122987)
-- Name: users_user_user_permissions users_user_user_perm_permission_id_0b93982e_fk_auth_perm; Type: FK CONSTRAINT; Schema: public; Owner: postgres
--

ALTER TABLE ONLY public.users_user_user_permissions
    ADD CONSTRAINT users_user_user_perm_permission_id_0b93982e_fk_auth_perm FOREIGN KEY (permission_id) REFERENCES public.auth_permission(id) DEFERRABLE INITIALLY DEFERRED;


--
-- TOC entry 3290 (class 2606 OID 122982)
-- Name: users_user_user_permissions users_user_user_permissions_user_id_20aca447_fk_users_user_id; Type: FK CONSTRAINT; Schema: public; Owner: postgres
--

ALTER TABLE ONLY public.users_user_user_permissions
    ADD CONSTRAINT users_user_user_permissions_user_id_20aca447_fk_users_user_id FOREIGN KEY (user_id) REFERENCES public.users_user(id) DEFERRABLE INITIALLY DEFERRED;


-- Completed on 2025-05-31 17:35:41

--
-- PostgreSQL database dump complete
--

